resi_num,pdb_num,resi_aa,A,R,N,D,C,Q,E,G,H,I,L,K,M,F,P,S,T,W,Y,V
1,19,S,1,-3,5,-2,-3,-2,-2,-2,-2,-5,-5,-2,-4,-5,-3,5,0,-5,-4,-4
2,20,T,2,-3,2,1,-3,-1,-1,-3,-3,-3,-3,-3,-3,-5,-3,3,5,-5,-4,-3
3,21,I,-4,-3,5,5,-1,-3,-1,-3,-3,-1,-1,-2,-1,-4,-2,-2,-1,-5,2,-2
4,22,E,-1,-4,-2,1,-7,1,7,-4,-1,-6,-5,-2,-3,-7,-5,-1,-3,-6,-6,-4
5,23,E,2,0,-1,0,-4,1,3,-2,0,-1,-2,1,-3,-3,-3,0,1,-4,-2,-2
6,24,Q,1,0,1,2,-2,2,4,-1,-3,-3,-2,1,-1,-3,-4,0,-1,-5,-4,-3
7,25,A,6,-5,-6,-6,-2,-5,-5,-2,-5,0,0,-5,0,0,-5,-3,-2,-6,-2,1
8,26,K,-1,3,0,1,-5,2,2,-3,-1,-2,-1,3,-2,-4,-4,0,-2,0,-3,-2
9,27,T,2,1,0,1,-4,2,1,-3,0,-2,-1,1,-1,-2,-3,1,1,-2,-2,-3
10,28,F,-5,-5,-7,-8,-7,-7,-4,-6,-2,-3,0,-5,-4,8,-8,-4,-5,6,2,-5
11,29,L,-2,-4,-7,-7,-5,-6,-6,-7,-6,3,5,-6,3,0,-4,-6,-4,-5,-3,1
12,30,D,0,1,1,3,-3,2,3,-2,-2,-3,-4,2,-2,-5,-4,0,0,-1,-3,-2
13,31,K,-1,2,1,2,-4,2,2,-2,-2,-3,0,1,-1,-1,-2,0,0,-2,-1,-2
14,32,F,1,-3,-3,-5,-4,-1,-2,-4,1,0,1,-3,3,2,-5,-1,-1,0,5,1
15,33,N,-2,-4,6,3,-3,-1,3,-4,-4,-6,-4,-4,-6,-7,-5,0,-1,-7,-6,-3
16,34,H,0,2,1,0,-2,1,2,-3,-1,-1,0,1,-1,-2,-1,0,0,-4,-1,-1
17,35,E,-2,2,1,2,-5,2,4,-3,-3,-2,-2,2,-3,-5,-3,-2,1,-2,-4,-1
18,36,A,2,-3,-3,-3,-2,-3,-4,-1,-3,0,2,-3,2,0,-4,0,-1,-3,5,0
19,37,E,1,0,-1,0,-4,3,3,-2,0,-2,-1,1,-1,0,-3,0,-1,-4,0,-2
20,38,D,0,1,1,3,-4,1,2,-2,-1,-2,-3,2,-2,-1,1,0,-1,-5,-2,0
21,39,L,0,-1,-3,-1,-4,0,-1,-5,-1,1,3,-2,2,0,-2,-2,-2,2,0,2
22,40,F,-1,0,1,-5,6,-3,-1,-3,0,-1,0,-3,-1,1,-5,0,-2,2,5,-2
23,41,Y,-2,2,3,0,-1,-1,-1,-3,3,-1,-2,1,-3,-1,-1,1,0,1,2,-1
24,42,Q,0,1,1,0,-4,2,3,-2,-1,-1,-1,2,-3,-3,0,-1,0,-4,0,-1
25,43,S,1,-1,1,-1,-3,-1,-1,-1,1,1,0,-2,0,0,-3,2,0,-1,1,1
26,44,S,3,-2,0,-2,-2,0,-2,-1,-3,-2,-1,-2,2,-2,-3,2,1,-4,-2,1
27,45,L,-1,0,2,-1,-2,1,3,-3,0,0,1,1,0,-2,-3,-1,0,-4,-2,-1
28,46,A,6,-2,-5,-5,-4,-3,-2,-4,-5,-1,-3,-2,-4,-2,-5,0,-1,-6,-2,0
29,47,S,0,-1,1,-1,-1,2,2,0,1,-3,-1,-1,-2,-3,-3,2,1,1,2,-2
30,48,W,-6,-2,-7,-7,-6,-6,-1,-6,-6,-6,-6,-3,-6,1,-7,-3,-6,12,0,-7
31,49,N,1,-1,4,2,-2,2,1,-3,-1,-2,-2,1,-1,-4,-3,-1,0,-5,-4,-1
32,50,Y,0,-1,-2,-5,-5,-1,-2,-3,-1,-4,0,-3,-1,4,-5,-1,-2,-1,7,-2
33,51,N,1,-1,2,-1,-3,0,1,-2,-2,0,0,-1,-1,0,-3,1,1,-4,0,1
34,52,T,-1,-2,0,-4,-4,-1,-2,-5,-2,-1,-3,-1,-2,-5,-5,1,6,-6,-5,0
35,53,N,-3,-2,6,2,-5,-3,-2,0,0,-5,-5,-2,-5,-1,-5,0,1,-5,1,-5
36,54,I,-2,-2,-1,-2,-1,-2,-2,0,-4,5,1,-1,1,-2,0,-1,-1,-4,-3,1
37,55,T,-4,-2,3,0,-5,-4,-1,-2,-4,-2,-2,0,-4,-5,-5,1,6,-6,-5,-2
38,56,E,-2,-2,0,4,-5,0,4,-2,1,-2,-5,1,-4,-2,1,0,-2,-5,0,-2
39,57,E,0,-1,-1,2,-5,-1,4,-2,4,-2,-2,-1,-3,-1,-2,-1,-1,2,2,-1
40,58,N,-1,-1,6,0,-5,-2,-2,-2,0,-3,-3,-2,-4,-1,-2,0,3,0,-1,-3
41,59,V,0,1,-1,-1,-4,2,1,-2,-1,-1,1,1,0,-1,-1,0,0,2,-1,-2
42,60,Q,0,1,0,1,-3,3,1,-2,0,-2,-1,2,0,-1,-1,0,-1,1,-1,-2
43,61,N,0,1,1,0,-3,1,0,-2,2,1,0,1,1,-1,0,0,0,-3,-2,0
44,62,M,0,0,-2,0,-3,1,0,-3,2,0,0,0,1,1,-3,0,0,4,1,0
45,63,N,1,-2,0,-1,-3,0,0,-2,-2,2,2,-1,0,-3,-3,0,0,0,-3,1
46,64,N,1,1,1,2,-2,2,4,-4,0,-3,-3,2,-2,-2,-4,-2,-1,-5,-1,-2
47,65,A,3,-2,-2,-2,-3,0,0,-3,-3,0,0,0,2,-1,-3,0,0,0,-2,2
48,66,G,0,-1,2,1,-4,3,1,0,-1,-3,-2,-1,-2,-2,-4,2,0,-5,-2,-1
49,67,D,1,0,-1,-1,-3,0,1,-1,0,0,1,1,1,-3,-3,0,0,-3,-1,0
50,68,K,1,2,0,-1,-4,1,3,-3,-3,-1,0,2,-1,-3,-2,-2,-1,0,-3,-1
51,69,W,-1,0,0,-2,-4,-1,-1,-3,0,0,1,0,1,2,-4,0,-1,3,3,0
52,70,S,3,-1,0,-2,-2,0,-2,0,-1,-2,-1,-1,0,-3,-1,2,1,-5,-1,-1
53,71,A,1,0,1,1,-4,2,2,-2,-3,-1,-2,3,-1,-1,-2,-1,-1,-4,-1,-2
54,72,F,-2,-2,-4,-6,-5,0,-2,-6,1,0,1,-2,-1,6,-6,-5,-3,6,2,-1
55,73,L,0,-1,0,0,-1,1,0,-2,1,-1,1,0,2,0,-3,0,1,-1,1,0
56,74,K,-1,2,1,-2,1,0,0,-1,-1,-2,-1,4,-2,-2,-4,0,-1,0,0,0
57,75,E,0,0,1,1,-3,2,4,-2,1,-2,-2,1,-1,-2,-3,0,-1,-4,1,-2
58,76,Q,0,-1,-1,-3,-1,1,-1,-4,-1,0,0,0,2,1,0,0,0,5,2,0
59,77,S,2,0,-1,-2,0,-1,-1,1,-1,-1,-2,0,-1,-3,-4,1,-2,6,1,-1
60,78,T,-1,2,1,1,-4,1,2,-2,0,-2,-1,2,0,-2,-2,-1,1,-4,-2,-2
61,79,L,-1,1,1,-1,1,2,3,-2,-1,0,-1,2,-1,0,-3,-1,0,0,-1,-2
62,80,A,5,-3,-2,-5,-4,-3,-1,-1,-3,0,1,-2,-1,-2,-3,0,0,-2,-2,0
63,81,Q,0,3,0,-2,-3,1,0,-2,0,-2,-2,4,-2,-3,-1,0,0,1,-3,-2
64,82,M,0,2,0,-1,-4,2,2,-2,-1,-2,0,2,0,-2,-1,0,0,-4,-3,-1
65,83,Y,-4,0,-3,-5,-5,-1,-2,-6,-1,2,0,-2,-1,6,-6,-2,-3,1,4,-2
66,84,P,0,0,3,4,-5,1,0,-1,-2,-2,-3,1,-1,-2,1,0,-1,-5,-1,-3
67,85,L,-1,-1,-2,0,-4,-1,-1,-2,-2,0,1,0,0,-1,-1,-1,0,7,1,1
68,86,Q,-1,0,0,1,-1,2,0,-2,1,-2,0,2,-2,-3,-2,1,1,-1,-2,-1
69,87,E,-1,1,2,1,-2,2,2,0,1,-3,-2,1,-2,-3,0,0,0,-1,-2,-2
70,88,I,-2,-4,-2,-3,-4,-2,-3,-3,-4,3,2,-2,2,4,-3,-2,-2,0,0,1
71,89,Q,-2,1,1,1,-2,2,0,-1,-2,-2,-2,2,-2,-1,1,2,1,0,-1,-2
72,90,N,-2,-2,3,6,-1,-2,-1,-3,-4,-3,-3,-2,-5,-5,-1,1,-2,-5,-1,-5
73,91,L,1,-1,-2,0,-4,1,2,-3,-1,-3,-1,0,-3,-3,5,0,0,-3,-1,-2
74,92,T,-2,0,1,2,-4,1,0,-3,-1,0,1,1,-1,-3,-2,1,2,-2,-2,-1
75,93,V,0,-2,-2,-1,-2,1,-2,-4,-4,2,3,-1,0,-3,-4,-2,1,-4,-2,2
76,94,K,0,5,-2,-4,-5,2,-1,-4,-1,-3,-3,5,-2,-3,-1,-3,-2,-1,-1,-3
77,95,L,-3,7,-3,-4,-3,-1,-3,-6,0,-2,-1,1,-5,-5,-4,-4,-3,-6,0,-5
78,96,Q,-1,0,-1,-4,-5,6,0,-4,-1,0,0,2,2,-2,-4,-1,-4,-1,-2,-2
79,97,L,-3,-1,-5,-5,-4,-4,-5,-5,-1,3,4,-3,1,4,-5,-3,-3,-1,0,1
80,98,Q,-2,2,1,1,-4,2,2,-1,0,-2,-2,3,2,-3,-3,-1,-1,-1,-2,-3
81,99,A,0,0,-2,-2,-2,-1,-1,-2,-1,1,2,2,2,1,-2,-1,-1,-3,1,0
82,100,L,-3,-5,-5,-6,-4,-3,-5,-6,-1,4,4,-5,1,1,-5,-2,-3,-4,0,1
83,101,Q,0,2,-1,-3,-1,2,0,-3,0,-1,0,1,0,-2,-1,3,0,-4,0,-2
84,102,Q,-1,0,1,0,0,1,0,-1,0,0,-1,2,-1,-1,-2,0,1,-3,0,1
85,103,N,0,0,-1,-2,0,-1,-1,-1,-3,2,2,-1,0,-1,0,0,0,0,-2,1
86,104,G,0,-2,0,-1,-5,-1,-2,5,-1,-4,-2,-3,1,-3,-2,-1,-2,-5,-1,-4
87,105,S,0,0,-1,2,-3,-1,-1,-1,-2,0,-1,0,0,-2,3,1,1,0,1,-1
88,106,S,3,-2,1,-1,0,-1,-1,0,-1,-2,-2,-2,-2,-1,0,2,0,-4,0,-2
89,107,V,3,-1,0,-3,-1,0,-2,-1,-1,0,0,-1,0,-1,2,0,-1,-4,-3,1
90,108,L,-3,-2,0,-3,-3,1,-3,-3,-3,-1,4,-2,1,0,-1,-1,-1,-3,0,-1
91,109,S,-1,-1,1,3,-4,-1,1,-1,-1,-1,-3,-2,-1,-4,4,1,0,-4,-1,-2
92,110,E,0,-2,0,2,-4,1,2,-1,0,-2,-2,0,-3,-4,3,0,0,-4,-1,-2
93,111,D,0,-1,0,3,-4,2,4,-1,0,-4,-2,0,-1,-2,-1,0,-1,-4,-2,-3
94,112,K,-1,0,-1,3,-4,1,2,-3,-3,-1,-1,3,0,-1,-3,0,-1,0,0,-1
95,113,S,0,0,-1,-2,-3,-1,-2,-2,-3,-1,1,-1,0,3,-4,-1,-1,6,2,0
96,114,K,0,2,1,0,-3,2,1,-2,-2,-2,-1,2,0,-1,-1,0,0,1,-1,-2
97,115,R,0,0,1,0,-2,1,0,0,2,0,0,0,1,-2,-2,0,0,-2,1,0
98,116,L,0,0,-1,0,2,-1,0,0,2,0,0,0,1,1,-2,0,0,-2,1,0
99,117,N,0,0,1,0,-2,1,0,0,2,0,-1,0,1,-2,-2,0,0,-2,1,0
100,118,T,0,1,1,0,-3,1,2,-1,2,-1,-1,1,1,-3,-2,0,0,-3,-2,-1
101,119,I,-1,-2,-2,-4,-2,-1,-2,-3,-4,3,3,-2,0,3,-4,-2,-1,-3,0,1
102,120,L,0,0,-1,-3,-1,1,0,-2,0,2,2,-1,1,-2,-3,0,0,-1,-1,0
103,121,N,2,0,3,1,-3,-1,-1,1,-1,-3,-2,0,-2,-1,-3,2,1,-1,-1,-1
104,122,T,0,0,2,2,-4,2,3,-2,0,-4,-3,2,-2,-4,-3,0,1,-4,-1,-4
105,123,M,-1,-5,-1,-6,-5,-4,-3,-6,0,3,2,-5,8,0,-5,-4,-2,-5,-4,0
106,124,S,-1,0,2,0,-4,3,3,-2,0,-4,-1,1,-1,-3,-3,1,0,-4,-3,-3
107,125,T,0,1,1,1,-3,1,2,-1,0,-2,-1,1,-1,-1,-1,1,1,-3,-1,-2
108,126,I,-1,-1,0,-2,-3,-1,-1,-4,-2,4,1,-1,1,-1,-4,-1,2,-4,-2,1
109,127,Y,-2,-1,-4,-4,-5,-4,-2,-3,1,0,-1,-1,-2,3,-5,-2,-2,2,8,-2
110,128,S,1,1,3,-1,-2,0,-1,2,-1,-3,-3,-1,-2,-4,-3,3,0,-4,-4,-3
111,129,T,0,1,1,1,-3,-1,0,-1,-1,-2,-2,2,0,-2,-3,1,3,-4,-3,-1
112,130,G,3,-2,-2,-3,-3,-3,-3,2,-1,-2,-2,0,0,2,0,0,1,-3,0,0
113,131,K,-1,3,0,-1,-1,1,0,-1,-1,-3,-1,3,-2,-2,-3,-1,1,3,0,-2
114,132,V,0,-3,-1,-1,-3,-3,-3,-1,-1,3,0,-4,-2,-1,-1,-2,-1,-1,2,4
115,133,C,-3,0,-3,-2,10,-1,-4,-3,-2,-2,-4,-1,-5,-2,0,-2,0,-5,1,-3
116,134,N,0,0,1,1,0,-1,0,-2,-1,-1,0,0,0,1,2,0,-1,-3,-1,0
117,135,P,-2,-1,0,-1,0,-1,0,0,-1,-1,-2,1,1,0,3,-1,-1,3,5,-2
118,136,D,0,0,0,0,2,0,0,0,1,0,-1,0,-1,0,1,0,0,-2,1,0
119,137,N,-3,0,4,3,-1,1,1,2,0,-2,-3,1,-2,-3,-2,-1,-1,-5,-1,-3
120,138,P,-1,-1,0,1,-4,0,1,0,-1,0,-2,0,-1,-1,4,1,2,-4,-2,-3
121,139,Q,0,0,1,1,-2,1,0,0,0,-1,-2,0,0,0,1,1,1,-3,0,-1
122,140,E,-2,0,1,1,0,0,1,1,0,-2,-1,2,-1,-2,1,1,-1,-3,0,-1
123,141,C,-2,-1,-1,-1,9,-2,-2,-2,-2,-2,-2,-1,-2,-4,-1,-1,-1,-5,-1,-2
124,142,L,-1,0,-1,0,0,-1,-1,-3,1,0,3,-1,1,-1,-2,-1,-1,4,2,1
125,143,L,0,0,1,0,-3,-1,0,-2,1,0,1,0,0,0,0,1,0,-3,0,0
126,144,L,-1,-1,-1,-1,-1,0,-1,0,-2,0,2,0,1,0,-1,0,1,-3,0,-1
127,145,E,-1,1,1,2,-4,0,2,-2,0,-1,0,0,0,-1,-3,-1,0,-3,1,0
128,146,P,-1,-1,1,-1,-4,1,1,-1,1,-1,-2,-1,0,-4,5,0,-1,-5,-4,-2
129,147,G,-1,0,1,3,-3,1,2,0,1,-1,-1,0,-2,-3,0,0,-1,-4,0,-1
130,148,L,0,-1,-2,-2,-2,-1,0,0,-1,1,0,0,1,1,-2,0,0,-2,1,0
131,149,N,-2,-1,0,0,2,3,2,-1,0,-1,-3,0,0,-1,-1,0,1,3,0,-1
132,150,E,-1,2,3,1,-1,1,2,-2,1,-1,-2,1,-3,-2,-2,0,0,-4,-1,-2
133,151,I,-2,-1,-2,-4,0,-1,-2,-4,1,5,1,0,1,-1,-4,-3,-1,-4,-3,2
134,152,M,-3,-4,0,0,-3,-3,-1,-4,-3,2,3,-3,6,2,-4,-1,-3,-3,0,0
135,153,A,2,0,0,0,-2,1,0,-1,-2,-1,-2,0,1,-1,-1,2,1,-3,-1,-1
136,154,N,0,0,1,0,-3,1,0,0,2,-1,-1,0,-1,1,1,0,0,-2,1,-2
137,155,S,-1,-3,0,-1,2,0,0,-1,-1,-2,-2,-2,-3,-2,-1,5,1,-5,-4,-1
138,156,L,-1,5,1,-1,-1,0,-1,0,0,-4,0,2,0,-4,-1,-1,0,-4,-2,-2
139,157,D,-1,-4,4,6,-5,-3,-1,-4,-3,-2,-3,0,-4,-2,-1,-1,-1,-5,-5,-4
140,158,Y,0,-2,-1,-2,-4,-1,1,-2,1,-1,-1,-2,-3,0,3,-1,-2,2,5,0
141,159,N,0,0,1,3,-2,0,3,-2,-2,-3,-3,1,-3,-1,0,0,-1,-4,-2,-2
142,160,E,-2,1,0,1,-5,1,5,-4,-3,-2,-1,1,-1,-5,-4,-2,0,-5,-4,-2
143,161,R,-2,3,-4,-5,-4,1,-4,-5,-4,-1,5,1,1,-3,-4,-3,-2,-4,-4,-2
144,162,L,-1,2,-2,-2,-4,1,0,-4,-3,-1,2,3,1,-1,-3,-2,-1,-4,-1,-1
145,163,W,-1,0,-1,0,-2,-1,1,-3,3,-2,-3,0,-2,1,-4,-2,-2,7,5,-4
146,164,A,3,-3,-2,-4,-1,-3,-2,-3,-3,1,0,-3,2,0,-3,-2,0,-3,3,2
147,165,W,-5,-3,-6,-6,-5,-5,-5,-5,-1,-5,-5,-1,-5,-3,-6,-5,-3,12,1,-5
148,166,E,-1,1,-1,0,-3,1,2,-3,1,0,0,2,0,-1,-2,-1,1,1,-1,0
149,167,S,3,-2,-1,-2,-3,0,2,3,-2,-3,-3,-1,-1,-4,-3,2,-1,-4,-3,-2
150,168,W,-4,-5,-5,-5,-2,-2,-5,-5,-4,-1,-3,-5,-1,1,-5,0,-4,12,1,-4
151,169,R,-2,6,-1,-2,-4,0,-1,-3,6,-4,-1,1,-1,-3,-4,-3,-3,-1,0,-3
152,170,S,-1,2,3,3,-4,0,2,-3,1,-2,-2,1,0,-4,-3,-1,0,-4,-3,-3
153,171,E,2,1,0,-1,-3,2,0,-2,1,-2,-2,2,-2,-3,-2,1,0,-4,-3,0
154,172,V,1,-3,-1,-4,-3,-2,-3,-2,-4,2,1,-2,0,0,-4,0,2,-4,-2,4
155,173,G,0,-4,-1,-2,-2,-1,-4,6,-4,-5,-5,-3,-4,-5,0,0,-1,-4,-4,-4
156,174,K,0,3,0,0,-4,0,0,-3,-1,0,-2,2,-1,-3,3,-1,-1,-4,-2,-1
157,175,Q,0,0,-2,0,-4,1,0,-3,-1,-3,-2,2,-1,-3,4,0,-1,2,-2,-1
158,176,L,0,-3,0,-3,0,-2,-3,-4,-4,3,2,-3,4,-2,-4,0,0,-4,-2,2
159,177,R,1,5,-2,-2,-2,-1,-1,-3,0,-2,-1,4,-3,-4,-2,-1,-2,-4,-3,-2
160,178,P,-1,-1,1,3,-4,2,2,-2,-2,-2,-3,0,-3,-4,4,0,0,-4,-1,-3
161,179,L,-1,0,1,3,-3,0,-1,-1,1,-1,1,1,0,-1,-1,0,0,-3,-1,-1
162,180,Y,-5,-5,-5,-6,-2,-5,-3,-6,-3,-1,0,-5,-1,7,-6,-4,-5,0,7,-2
163,181,E,0,0,-1,-1,-2,1,1,-2,1,1,0,0,0,-2,0,0,0,0,0,0
164,182,E,-2,3,1,0,-4,2,3,-3,0,-1,-2,1,-3,-4,-2,0,1,-4,-2,-2
165,183,Y,-3,-3,-3,-5,-2,-2,-4,-5,-3,1,3,-4,1,4,-5,-2,-3,-1,6,0
166,184,V,-2,-1,-5,-5,-4,-4,-4,-5,-5,3,1,-4,1,-3,-2,-4,-1,-5,-4,6
167,185,V,0,0,0,2,-4,3,3,-2,1,-4,-2,2,-3,-3,-2,-1,0,-4,-3,-2
168,186,L,-2,-2,-4,-5,-4,-2,-4,-5,-5,1,5,-3,2,0,-5,-2,-4,-2,0,-1
169,187,K,0,2,0,-2,-3,0,-1,-1,-2,-1,0,1,2,-1,-3,1,1,0,2,0
170,188,N,-4,0,8,0,-5,1,-2,-2,0,-6,-6,-1,-5,-6,-5,-2,-2,-6,-5,-5
171,189,E,-1,0,2,0,-4,2,4,-3,-1,-1,-2,2,-1,-4,-3,-1,-1,-4,-2,-2
172,190,M,4,-3,-2,-3,-1,-3,-1,2,-4,-1,-2,-2,2,-2,-3,-1,-1,-1,-1,0
173,191,A,6,-4,-4,-4,1,-4,-4,-2,-4,-2,-4,-4,-4,-2,-4,1,0,-5,-1,0
174,192,R,-1,4,0,-1,-4,2,-1,-2,1,-1,-2,3,0,-3,-3,0,1,-4,-1,0
175,193,A,1,0,0,0,-2,1,1,-1,0,0,0,0,1,-1,-1,1,0,-3,0,0
176,194,N,-2,-1,5,1,-4,-1,0,-2,1,-1,1,-1,2,-1,-4,-1,-1,-4,-1,-2
177,195,H,0,1,1,1,-2,0,1,0,2,-1,-1,1,-1,-2,-2,0,-1,-3,-2,0
178,196,Y,0,-1,-2,-2,-2,1,0,-3,2,1,0,0,2,1,-2,-2,-2,4,2,0
179,197,E,0,0,0,0,-3,1,1,0,1,-1,-1,1,-2,-3,3,0,1,-3,-2,-1
180,198,D,-1,-2,3,5,-4,-1,0,-2,0,-2,-3,-3,-4,-5,-1,1,-1,-5,-4,-1
181,199,Y,1,-1,-1,-3,-1,-2,-1,0,2,0,0,-1,1,0,0,0,0,-2,3,1
182,200,G,1,-1,-2,0,-3,0,0,3,0,-3,-2,0,-2,-1,0,1,0,0,0,-2
183,201,D,1,-1,0,3,1,1,3,-2,0,-3,-2,0,-3,-2,-3,0,-1,3,-3,-2
184,202,Y,-1,-1,-3,-3,-1,0,-2,-4,0,-1,0,-3,4,2,-1,-1,-2,3,6,-2
185,203,W,-5,-3,-2,-5,-1,-1,-4,-2,-5,-3,-2,-3,1,-3,-5,-2,-3,11,1,-5
186,204,R,-3,4,-1,-1,-2,0,1,-3,-1,-1,1,0,1,0,-3,-2,0,-3,1,-2
187,205,G,0,0,0,1,-3,0,1,0,1,-2,-1,0,0,0,-2,2,1,-3,0,-2
188,206,D,0,-1,1,1,-3,1,1,-1,-2,-1,0,0,0,0,1,0,0,3,-1,-1
189,207,Y,-2,-1,-1,-4,-4,0,-4,-1,-2,-2,0,-2,-2,1,-4,-1,-3,-2,8,-2
190,208,E,-1,-1,-1,3,-4,0,5,0,-1,-4,-3,-2,-4,-2,-3,-2,-2,-4,-2,-4
191,209,V,0,-2,-1,1,-1,-1,-1,-2,-2,0,1,-1,3,0,-1,1,1,0,1,0
192,210,N,-1,-2,1,3,-3,-1,2,-1,-1,-2,-2,-1,-1,-1,3,1,-1,-3,-1,-1
193,211,G,0,-1,2,1,-2,1,0,2,0,-1,-1,-1,-1,-2,-2,0,1,0,0,-1
194,212,V,0,-1,-1,-1,-1,-1,-1,-1,-1,1,2,-1,0,2,-1,0,-1,-1,0,0
195,213,D,0,0,0,1,-2,1,3,-1,0,-1,-1,0,-1,-2,0,0,0,0,-2,-1
196,214,G,0,0,0,0,-1,0,0,0,-1,0,0,0,0,0,1,0,0,1,0,0
197,215,Y,0,0,0,0,-1,1,0,-1,0,-1,0,0,0,1,0,0,0,0,2,0
198,216,D,0,0,0,2,-1,0,0,0,0,-1,-1,0,-1,0,0,1,0,-1,0,-1
199,217,Y,0,0,-1,-1,-1,0,0,-1,-1,1,0,0,1,1,0,-1,0,-1,2,0
200,218,S,0,0,0,1,-1,1,1,0,-1,-1,-1,0,-1,0,1,0,0,-1,-1,-1
201,219,R,0,0,0,1,-1,0,0,-1,-1,-1,0,0,0,0,2,1,0,-1,-1,-1
202,220,G,0,0,0,2,-1,1,1,0,0,-1,-1,0,0,-1,0,0,0,0,-1,-1
203,221,Q,-1,0,3,3,0,2,2,-1,0,-2,-2,0,-2,-2,0,-1,-1,-2,-1,-2
204,222,L,-2,-3,-2,-2,-2,-2,-1,-2,-2,1,3,-2,2,5,-2,-1,-1,-2,-1,-1
205,223,I,-1,1,0,-1,-2,1,1,-2,-1,0,0,1,2,0,1,0,0,-2,1,0
206,224,E,1,1,1,1,-4,4,3,-2,-1,-3,-2,1,-3,-3,-2,-1,-1,2,-2,-2
207,225,D,-2,0,1,3,-4,2,2,-3,-2,0,1,0,1,-3,-3,-1,0,1,-3,-1
208,226,V,0,-4,-2,-4,0,-3,-4,-3,-4,2,2,-3,4,0,-1,-2,0,-4,-3,3
209,227,E,-1,1,2,4,-5,0,4,-3,-1,-3,-4,0,-1,-2,-4,-1,-3,-2,-2,-4
210,228,H,-1,2,1,1,-2,2,3,-1,1,-3,-3,1,-2,-4,-1,1,-1,-4,-1,-3
211,229,T,-1,-4,-4,-3,-4,-3,-3,-5,-1,2,4,-2,1,0,-3,-2,-2,-4,-3,2
212,230,F,-5,-2,-3,-6,-5,-3,-1,-6,-4,-2,-2,-5,3,3,-6,-3,-5,10,5,-3
213,231,E,0,0,3,1,-4,3,2,-1,-1,-3,-3,0,-1,-2,-3,1,0,-1,-2,-2
214,232,E,0,1,1,1,-3,1,1,0,2,-2,-1,1,1,-3,1,0,0,-3,-2,-2
215,233,I,-1,-1,-3,-4,-3,-3,-3,-4,-3,4,2,-1,1,0,0,-1,0,-3,-2,2
216,234,K,0,0,0,0,2,1,0,-3,-2,0,0,0,1,1,-3,0,0,3,1,0
217,235,P,-1,-1,-2,-1,-4,0,2,-2,-1,-4,-4,0,-4,-2,7,-1,-1,-5,-4,-2
218,236,L,-2,-3,-4,-1,-3,-3,-2,-5,-4,0,5,-1,0,2,0,-3,-2,-3,-2,-1
219,237,Y,-1,-1,-4,-3,0,-4,-4,-5,3,-1,-2,-4,-3,2,-2,0,-2,-2,8,-4
220,238,E,0,2,0,1,-3,1,1,-2,0,-1,0,2,-1,0,-3,-1,-1,-3,-2,-2
221,239,H,-1,0,1,0,-4,3,3,-3,0,-3,-1,3,-1,-2,-3,-1,0,1,-3,-2
222,240,L,-1,-3,-4,-4,-3,-2,-3,-4,-4,2,4,-1,1,1,-2,-2,-2,-3,-2,1
223,241,H,-3,-1,-1,-1,-1,-1,-2,-3,8,-3,-1,1,0,2,-3,-1,-3,-3,1,-1
224,242,A,3,0,0,-1,3,-1,1,0,-1,-2,-3,0,-2,-2,-2,0,1,-3,-2,-1
225,243,Y,-3,-2,-3,-3,-4,-1,-1,-4,2,-3,-2,-2,-3,4,-5,-4,-2,0,8,-1
226,244,V,0,-3,-3,-3,-4,-4,-4,-5,-5,1,0,-3,2,-3,-4,-4,0,-5,-4,6
227,245,R,-3,7,-3,0,-5,0,-3,-1,-1,-2,-3,1,-4,-5,-4,-2,-3,-5,-4,-5
228,246,A,0,4,0,-2,-4,-1,-1,-1,2,-3,-2,1,-2,0,-3,0,0,-1,2,-3
229,247,K,-1,4,-1,-2,-3,3,2,-3,1,-2,-3,4,-1,-1,-4,-1,-2,-4,-2,-3
230,248,L,-5,-5,-3,-6,-5,-5,-6,-7,-6,2,6,-6,1,-3,-6,-6,-5,-5,-5,-1
231,249,M,1,3,1,0,-3,0,-1,-1,2,-1,-1,1,-1,-1,-2,0,-1,-1,1,0
232,250,N,0,1,0,1,-4,3,3,0,0,-3,-3,3,-2,-3,-1,-1,-1,-4,-1,-3
233,251,A,-1,2,-1,-2,-3,1,-1,-2,3,0,0,3,-1,0,-3,-2,-1,-3,1,0
234,252,Y,-5,-5,-5,-4,-6,-2,-5,-4,2,-3,-2,-3,-1,3,-6,-5,-5,2,9,-5
235,253,P,-2,-3,0,-2,-4,-1,-1,5,-3,-2,-4,0,-4,-4,4,-1,-1,-4,-4,-3
236,254,S,-1,-1,1,4,-2,0,3,-1,-2,-1,-2,1,-2,-3,-1,0,-1,-4,-3,-1
237,255,Y,-1,2,0,1,-3,0,0,-2,2,-1,-1,2,-2,0,-1,-1,-1,-3,2,1
238,256,I,-1,-2,-3,-4,-3,-2,-2,-3,-4,4,0,-1,2,0,-2,-2,0,-4,-1,4
239,257,S,-1,-1,1,1,-1,1,0,0,0,-1,-2,0,-2,-2,2,1,0,-3,-2,0
240,258,P,-1,0,-1,2,-2,-1,1,-1,-3,-1,1,0,-1,-2,3,0,0,-4,-3,-1
241,259,I,-2,1,2,3,-3,-1,1,-1,1,-1,-2,2,-1,-2,-3,1,1,-4,-1,-2
242,260,G,-1,0,2,-1,-4,0,0,5,-3,-4,-2,-1,-3,-4,-3,-1,-2,-4,-2,-2
243,261,C,0,-2,-1,-3,0,-1,0,-2,1,-1,1,-2,1,-3,5,-2,0,-4,-1,-2
244,262,L,-1,-1,-4,-4,1,-4,-4,-3,-4,6,2,-4,2,-2,-2,-3,-2,-4,0,0
245,263,P,-1,-1,-4,-4,-5,-4,-4,-2,-5,-5,-3,-4,-5,-1,8,-2,-4,-5,-5,-5
246,264,A,5,-1,-4,-3,-3,0,-2,-2,-1,-1,-3,-3,-1,-4,-2,0,-3,4,-2,0
247,265,H,0,1,1,1,-3,1,-1,-2,3,-2,-2,-1,-2,1,2,1,-1,-2,2,-2
248,266,L,-1,-3,0,-3,-2,-2,-3,-3,1,2,3,-3,1,1,-3,-1,-2,4,3,0
249,267,L,0,-1,1,-2,-2,0,-2,0,2,0,2,-2,1,2,-3,-1,-1,-2,1,0
250,268,G,0,0,-1,1,-3,0,0,4,1,-3,-1,0,-2,0,0,-1,-2,-3,1,-1
251,269,D,-1,0,2,1,-3,2,0,0,0,-3,-1,0,-2,-3,1,1,0,3,-2,-1
252,270,M,0,-1,-1,-1,1,0,-1,-3,-2,2,1,-1,2,1,-1,-1,-1,-2,0,1
253,271,W,-2,-1,1,-1,-4,-1,-1,-1,2,-1,0,-1,1,3,-4,-1,-1,7,2,-3
254,272,G,1,-1,-1,-3,0,-1,-1,4,-3,-1,-1,-3,-3,-1,-1,0,-1,-3,0,-1
255,273,R,-2,2,2,1,-4,5,1,0,2,-4,-4,0,-1,-2,-3,0,-1,-4,0,-4
256,274,F,0,-2,1,1,3,0,0,0,2,-3,-2,-1,-2,0,1,1,0,2,0,-2
257,275,W,-1,1,-1,-1,-2,-1,1,-2,-1,0,-1,-1,-1,2,-2,0,-1,5,3,-1
258,276,T,0,0,1,0,-1,0,1,0,2,-1,-1,1,-2,-3,-2,2,1,-3,-1,-1
259,277,N,1,-1,5,0,-4,0,-1,1,2,-4,-4,0,-4,-4,0,1,-1,-4,2,-4
260,278,L,-1,-4,-2,0,-3,-3,-1,-2,1,4,3,-2,1,-1,-2,-3,-2,-4,-1,1
261,279,Y,0,-3,-1,-1,-4,-1,-2,-1,-1,0,0,-2,0,2,-4,1,-1,1,5,-2
262,280,S,-1,-1,0,4,1,-1,1,-2,1,-1,-3,-1,-2,-1,2,0,-2,-1,-1,-1
263,281,L,-2,-2,-2,1,-3,0,-1,-3,-1,2,2,-1,1,3,-3,-2,-2,0,0,1
264,282,T,-1,-1,-3,-1,0,-1,0,-1,-3,1,1,-3,1,1,-3,-1,2,1,-2,2
265,283,V,0,-1,0,0,-1,1,0,-1,-2,1,0,1,0,-1,0,0,0,-3,0,1
266,284,P,-2,-2,-2,-2,-5,-4,-1,-5,-1,-3,-3,-3,-5,-1,7,-2,-1,-5,1,-3
267,285,F,-1,-2,-2,-1,-4,-3,-3,-3,3,-3,-1,-1,-3,5,-2,0,-1,-2,6,-1
268,286,G,-1,-2,0,1,-4,-1,-1,0,1,-4,-3,-1,-4,-2,6,-1,-2,-4,1,-3
269,287,Q,0,0,2,1,-3,1,1,1,-2,-2,-2,0,-2,-2,0,0,0,-3,-1,-2
270,288,K,0,1,0,0,-3,0,0,0,2,-1,-1,2,-2,-1,-1,0,0,-3,-1,0
271,289,P,-1,0,0,0,-3,1,0,-1,0,0,-1,1,-1,-1,3,0,0,-3,-1,-1
272,290,N,-1,0,1,0,-3,0,1,0,0,-1,1,0,0,0,1,1,0,-3,0,-1
273,291,I,-1,-1,-3,-2,-3,-1,-1,-4,-3,2,2,-1,1,0,3,-2,-1,-3,1,1
274,292,D,-3,-2,3,6,-5,1,1,-3,-1,-5,-5,-1,1,-5,-1,0,-2,-6,-2,-3
275,293,V,-1,-2,-3,-1,0,-2,-2,-3,0,2,1,-2,2,0,-1,-3,-2,-4,1,4
276,294,T,-3,-2,0,1,-4,-1,-1,-3,2,0,-2,-2,1,-2,-2,0,5,-5,0,-2
277,295,D,0,0,0,1,1,0,2,-1,1,-3,-1,0,0,0,2,0,0,-3,0,-2
278,296,A,-1,0,0,0,-3,0,0,-1,2,0,-1,0,1,0,0,0,0,3,1,0
279,297,M,-2,-1,-1,-1,-4,-1,-3,-2,2,0,2,0,6,1,-4,-1,-1,-4,0,0
280,298,V,-1,1,0,-1,-3,1,0,-1,1,0,0,1,1,0,-2,0,0,1,1,0
281,299,D,0,1,0,2,-3,1,1,-1,1,-1,-1,1,-2,-1,0,0,0,-3,-1,-1
282,300,Q,-2,2,1,-1,-5,5,0,-3,-1,-3,-2,4,-1,-5,-3,-1,-2,-5,-1,-2
283,301,A,-1,-1,3,0,-4,-1,-2,2,1,-1,-1,0,0,2,-3,-1,-1,0,1,-2
284,302,W,-2,-2,-2,-4,-4,-3,-2,-3,0,-1,1,-1,0,2,-3,-2,0,7,6,0
285,303,D,-1,-1,3,2,-4,-1,0,0,-3,-1,-3,0,-3,-3,-1,1,4,-1,-4,-2
286,304,A,2,-2,-1,-1,-3,-1,-1,0,-3,-1,-2,0,-1,-1,3,0,0,-4,0,1
287,305,Q,-1,1,0,0,-1,0,1,-1,2,0,1,2,0,-1,-1,-1,0,-3,-2,0
288,306,R,-2,2,1,3,-4,1,1,-1,2,-3,-1,2,-1,-4,-3,-1,-1,1,-1,-2
289,307,I,0,-2,-2,-2,-2,-1,0,-2,-1,1,1,-2,2,2,-2,-1,1,-1,2,1
290,308,F,0,-2,0,0,-3,-1,0,0,2,0,0,0,1,1,-2,0,0,4,1,0
291,309,K,-1,2,0,1,-4,2,2,0,1,-2,-1,3,-2,-3,-1,-1,-1,2,-3,-1
292,310,E,0,1,0,-1,-2,0,0,-2,1,1,1,0,1,0,-2,0,0,-2,0,0
293,311,A,4,-3,-3,-3,2,-3,-3,0,-3,0,-1,-3,2,-3,-3,1,1,-4,-3,1
294,312,E,0,1,1,1,-2,1,1,0,2,0,-2,1,-1,-2,-2,0,0,-2,1,0
295,313,K,-1,2,2,2,-3,1,2,-1,-1,-1,-2,2,-2,-3,-2,0,-1,-3,0,-3
296,314,F,-3,-4,-4,-4,-3,-3,-4,-4,-3,0,1,-4,3,6,-4,-2,-1,4,3,0
297,315,F,-2,-3,-3,-4,-3,-3,-4,0,0,-1,0,-3,1,6,-4,-2,0,-1,5,-1
298,316,V,1,0,0,0,-2,1,0,-1,1,-1,-1,2,0,-2,-2,1,2,-3,-1,0
299,317,S,1,-1,0,0,-3,1,0,1,-2,-3,-3,0,-3,-2,-2,4,-1,-3,0,-3
300,318,V,0,0,-2,-3,-2,0,-2,-3,-2,2,2,-2,2,-1,-2,-1,1,-2,-2,1
301,319,G,1,-1,2,1,-2,1,1,1,-1,-2,0,-1,-1,-2,-2,1,1,-3,-2,-2
302,320,L,-2,-2,-3,-3,-2,0,-2,-3,-2,1,3,-1,2,2,-3,-2,-2,3,1,0
303,321,P,-1,0,0,2,-3,0,0,0,0,-1,-1,1,-1,-2,3,0,-1,-3,-1,-2
304,322,N,1,0,1,-2,-1,0,1,-1,0,-3,-2,0,-2,-1,5,1,-1,-4,-3,-1
305,323,M,0,-4,-4,-1,-3,-2,-1,-4,-4,2,3,-3,6,-1,-4,-2,-2,-4,-3,2
306,324,T,-1,-2,1,-1,0,-1,0,-1,-2,-2,-4,-1,-2,-3,6,-1,2,-5,-4,-3
307,325,Q,-1,-1,0,3,-4,1,1,-2,1,0,-3,0,1,-3,3,0,-2,-4,1,-2
308,326,G,-1,-2,1,1,2,0,2,-1,-2,1,-2,-1,-1,-1,-2,2,1,-4,-3,-1
309,327,F,-4,-1,-5,-5,-4,-4,-5,-5,-4,0,1,-1,-2,7,-5,-4,-2,-2,3,0
310,328,W,0,-2,-4,-3,-1,-1,-2,-1,1,-1,-2,-2,0,0,-4,-2,-4,10,1,-4
311,329,E,0,2,1,2,-4,1,2,-2,0,-2,-3,2,-3,-4,-1,0,1,-4,-3,-3
312,330,N,-1,1,3,1,-3,-1,0,-1,0,-1,-1,2,-2,-2,-3,2,-1,-4,-1,-3
313,331,S,0,-1,-1,3,0,0,-2,-3,1,-4,-4,-3,-4,-2,-3,5,-1,-5,-1,-4
314,332,M,-1,0,-1,-1,-2,1,-1,-3,1,1,2,-1,3,0,-3,0,-1,-2,0,1
315,333,L,-1,0,-1,-3,-3,-2,-1,-4,1,1,1,-1,1,4,-1,-2,-1,2,2,0
316,334,T,0,-1,0,-1,1,1,3,-1,-1,-2,-2,0,0,-3,0,0,2,2,-1,0
317,335,D,-2,5,-2,-2,-5,2,1,-2,-1,-2,-2,3,0,-4,0,-1,-2,-5,-4,-3
318,336,P,-1,-1,1,-1,-4,2,0,-1,-3,-3,-3,1,-2,-5,5,-1,0,-5,-4,0
319,337,G,0,-1,1,1,-3,0,1,2,0,-2,-2,0,-2,-2,1,1,1,4,-2,-2
320,338,N,-2,-2,3,5,0,-1,0,0,1,-4,-3,2,-4,-4,-3,1,-3,-4,-1,-4
321,339,V,-1,1,1,0,0,0,1,2,0,-1,-1,0,-1,-1,-1,0,0,-2,0,-1
322,340,Q,-2,4,0,2,-4,2,-1,-1,1,-1,-3,1,-2,-2,1,-1,-2,-4,-1,-3
323,341,K,-1,-1,1,2,-1,-1,1,0,4,-1,-2,2,3,-1,-1,0,-1,-4,-1,-2
324,342,A,1,0,-1,0,-3,-1,-1,-1,-3,1,-1,1,2,-2,-1,0,-1,-4,-3,3
325,343,V,-1,-1,2,1,4,0,0,-3,-1,1,-1,-2,-1,1,-3,0,0,-3,0,2
326,344,C,-5,-3,1,-7,11,-7,-7,-4,-2,-1,-6,-7,-6,-7,-7,-3,0,-7,-3,-5
327,345,H,-4,0,-3,-2,-5,2,0,-3,8,-5,-3,1,-4,0,2,-2,1,2,0,-4
328,346,P,3,-4,-2,-3,-4,-1,-3,1,0,-2,-2,-3,-3,-4,5,1,-1,-4,-4,-3
329,347,T,1,0,-2,-2,-4,0,-1,-2,0,-2,-4,-1,-1,-2,-3,4,3,-4,-2,-1
330,348,A,5,-4,-4,-1,-3,-3,-3,-2,-4,2,0,-3,-3,-2,-2,1,-1,-5,-4,-1
331,349,W,-1,-4,-4,-2,-4,-1,-2,-3,0,1,-1,-4,-1,4,-5,-3,-3,10,2,-1
332,350,D,-4,-1,3,7,-2,-3,-1,-4,1,-5,-5,-1,-2,-5,-2,0,-3,-5,-1,-2
333,351,L,-3,-4,-4,-4,1,-3,-2,-4,-3,1,1,-4,4,6,-4,-1,-3,3,1,0
334,352,G,-1,0,1,2,4,0,-1,0,0,-3,-2,0,-2,0,-1,0,-1,-2,3,-3
335,353,K,0,1,1,1,-3,1,0,0,2,0,-2,0,1,-3,1,0,0,-3,-2,0
336,354,G,-1,0,1,2,-3,0,0,2,1,0,-2,0,-2,-3,0,0,0,-3,0,-1
337,355,D,-2,-1,1,6,-5,-2,1,-3,2,-4,-3,-1,-4,-4,0,-1,-1,-5,-1,-2
338,356,F,0,-3,-2,0,2,-2,-2,0,-2,0,0,-2,1,1,1,0,0,4,1,0
339,357,R,0,5,0,0,-3,1,0,-1,1,-3,-1,1,-2,-3,-3,0,-1,3,-2,-3
340,358,I,0,0,-2,-3,3,-1,-2,-2,-2,1,0,-1,2,1,-2,0,1,-1,2,1
341,359,L,-1,0,-1,-3,-3,0,-2,-2,1,0,2,3,1,0,-3,0,0,-3,0,0
342,360,M,0,-2,0,0,2,0,0,0,2,0,-1,0,1,1,-3,0,0,3,1,0
343,361,C,-2,-7,3,-2,10,-6,-7,-7,1,-6,-2,-7,-6,-7,-7,-1,-5,-7,-7,-2
344,362,T,1,-3,-1,-2,-1,0,0,0,-1,1,0,-1,-1,-2,0,-1,3,-4,-3,1
345,363,K,-2,1,-1,1,-5,2,3,0,0,-2,-3,2,-3,0,0,0,-1,-4,-3,-2
346,364,V,-1,-1,0,-1,-3,-2,-1,-1,1,1,0,0,0,0,2,-1,1,-4,-3,3
347,365,T,-1,-1,4,1,-4,0,-1,0,-3,-1,-4,1,-4,-4,0,2,3,-5,-1,-2
348,366,M,-1,0,-2,0,2,0,0,-1,2,0,-1,0,1,1,0,0,0,3,1,0
349,367,D,-1,1,0,3,-5,1,3,-3,0,-3,-3,2,-2,-1,-1,0,-1,-1,0,-2
350,368,D,-3,-2,1,5,-5,1,1,-2,0,-2,-5,0,-4,-2,-4,0,-1,6,0,-2
351,369,F,-2,-5,-5,-2,-4,-4,-5,-5,-4,-2,4,-5,3,6,-5,-4,-1,1,3,-2
352,370,L,-1,0,0,-1,-3,-1,0,-1,-1,0,1,-1,1,0,-3,0,0,-2,3,0
353,371,T,-1,-1,0,0,2,2,-1,-3,-3,-1,-1,-1,0,-4,-3,1,4,-4,-4,1
354,372,A,3,-3,-2,-1,-3,-2,-3,-3,-4,2,1,-3,4,-3,-3,-1,1,-4,0,2
355,373,H,-2,-4,-2,-4,-5,-1,-4,-5,9,0,1,-4,0,2,0,-3,-4,-4,1,-3
356,374,H,-1,0,-1,-4,-6,-3,1,-2,9,-6,-5,0,-5,-2,-5,-1,-4,-5,0,-3
357,375,E,-2,-2,-1,0,-5,1,5,-4,1,-2,0,-2,0,-2,-4,-1,0,-5,-2,-4
358,376,M,0,-4,-4,-5,-4,0,-4,-5,-4,1,3,-2,7,1,-4,-3,-1,-4,-2,1
359,377,G,2,-4,-3,-4,-4,-4,-4,5,-4,-2,-2,-3,0,1,-4,-1,-1,-4,-4,-2
360,378,H,-3,2,-2,0,-5,1,-1,-4,9,-5,-2,1,-4,-4,-4,-2,-4,-5,-2,-5
361,379,I,1,-4,-1,-4,0,-3,-4,-2,-4,4,1,-3,0,-2,-4,-2,0,-4,-3,3
362,380,Q,1,-2,-3,-3,-4,4,2,-4,3,-1,0,0,-1,0,-4,-2,-1,-3,4,1
363,381,Y,-5,-5,-1,-2,-5,-5,-5,-6,1,-1,0,-5,-2,1,-6,-5,-5,-2,9,-3
364,382,D,-1,-3,1,2,-4,2,0,-3,3,-2,-3,-1,-1,4,-4,-1,-3,-2,4,-2
365,383,M,-2,1,0,-1,-3,2,-1,-4,-2,0,2,1,4,0,-3,-2,-2,-1,2,-1
366,384,A,2,-2,0,0,-3,3,1,-1,1,0,0,-1,1,-2,-3,0,-1,-1,2,-2
367,385,Y,-1,-2,-3,-1,-1,-4,-3,-5,1,1,-2,0,-1,2,-3,-1,-3,0,8,-4
368,386,A,1,2,1,0,-2,1,1,-2,-2,-4,-2,3,-2,-4,-1,2,-1,-3,-3,-2
369,387,A,-2,0,4,3,-4,1,1,0,3,-3,-4,1,-4,-4,-2,1,-1,-3,-3,-4
370,388,Q,-3,-2,0,-4,-4,5,-1,-2,0,-1,3,-2,1,-1,-4,-2,-2,-4,-3,-1
371,389,P,-1,-1,-4,-2,-5,-3,-2,-3,2,-5,-4,-2,-5,-3,8,-1,-1,-5,-3,-5
372,390,F,-1,-1,-2,-1,-3,-2,-3,-3,-1,1,0,-2,0,3,2,0,0,1,3,2
373,391,L,-1,-3,-2,-2,-3,-2,-2,-1,-3,2,3,-2,1,0,-1,-1,-1,-2,1,1
374,392,L,-4,0,0,-1,-4,-4,-3,-5,-3,-2,3,-4,-2,6,-5,-3,-4,-2,4,-2
375,393,R,-3,6,1,-1,-1,3,-2,-4,-1,-4,-4,1,-2,-1,-4,-2,-3,-5,-4,-4
376,394,N,0,0,2,2,-3,1,2,-1,2,-3,-3,1,-1,-1,-2,1,0,-3,0,-2
377,395,G,1,-2,1,0,-3,-1,1,4,1,-3,-2,-2,-3,-3,1,0,-1,-3,-1,-2
378,396,A,4,1,-3,-3,-2,-2,-2,-1,-2,-1,-2,-2,0,-1,1,1,0,-3,1,-1
379,397,N,-2,-2,5,0,1,-2,-2,-2,5,-2,-2,-1,-3,-1,-3,0,0,-3,2,-3
380,398,E,-1,-1,0,0,-3,-1,0,-1,-2,0,-1,-2,-2,-3,5,2,0,-4,-3,-2
381,399,G,2,-2,0,-2,0,-2,-1,3,-2,-2,-1,-1,-1,0,-3,0,-2,-3,-2,-1
382,400,F,-1,-2,-2,-2,-2,1,-1,-3,-1,1,1,-1,2,2,-2,-1,1,-1,2,1
383,401,H,-1,0,0,1,-3,1,1,-1,4,-2,-1,-1,-1,2,-2,0,0,-2,1,-2
384,402,E,-1,-2,2,2,-4,0,5,-3,1,-4,-4,-1,-1,-3,-3,0,-1,-3,1,-3
385,403,A,5,0,-2,-3,-2,-2,0,0,-3,-3,-1,-2,-1,-3,0,0,0,-3,0,-1
386,404,V,-1,-3,0,-3,-2,-3,-3,-4,-3,4,1,-3,2,0,-3,-1,-2,-3,-2,3
387,405,G,2,-2,2,-1,-3,-1,-1,4,-2,-1,-3,-2,-2,-3,0,1,0,-3,-3,-1
388,406,E,-1,-1,2,3,-3,0,2,0,-2,-1,-1,0,1,0,-2,0,0,-3,-2,-2
389,407,I,2,-3,-3,-3,0,-2,-2,-1,-3,1,2,-2,2,1,-2,-1,1,0,-1,1
390,408,M,0,1,1,-2,-2,-1,-2,0,-2,1,0,-1,2,1,-2,0,1,-2,-1,1
391,409,S,2,-2,-2,-2,-1,-1,0,3,-2,-1,-3,-1,0,-2,-1,1,1,-4,-2,-1
392,410,L,-3,2,-4,-2,-4,-1,-2,-5,0,1,4,-1,1,0,-4,-2,-2,-1,0,-1
393,411,S,1,-2,0,-3,-3,-1,-2,-1,-3,-2,2,-1,0,0,-2,4,-2,-4,-1,-1
394,412,A,3,-4,-4,-4,-3,-3,-4,-2,-4,1,-1,-3,-2,-1,-2,2,0,-4,-2,4
395,413,A,0,1,0,-2,-1,0,-1,-1,-1,0,-2,2,2,0,-2,2,0,0,-1,-1
396,414,T,-1,-1,3,0,-4,2,1,-2,-1,-3,-2,-2,-3,-4,-3,3,4,-4,-4,-2
397,415,P,-1,-1,-1,-4,-4,-1,-1,-4,1,-1,-2,0,-4,-5,7,0,-2,-5,-1,-3
398,416,K,0,2,1,1,-3,1,1,-1,1,-3,-1,2,-1,-2,0,0,0,-3,0,-2
399,417,H,-4,-1,-1,-1,-2,0,-4,-3,8,-3,-3,-4,-4,1,-5,-4,-2,7,5,-5
400,418,L,-3,-3,-5,-3,-4,-3,-5,-5,-2,0,5,-2,3,0,-5,-4,-2,-4,3,-1
401,419,K,-1,1,1,-2,-1,3,0,-3,4,0,-2,2,-1,0,-3,-1,0,-3,0,-1
402,420,S,-1,3,-1,-1,-3,1,0,0,2,-2,-1,1,0,-1,-3,1,0,1,-1,-2
403,421,I,-1,-1,-1,-3,-3,-1,-2,-4,0,3,1,0,1,2,0,-1,0,-3,1,1
404,422,G,0,-1,0,-1,-3,1,-1,4,1,-1,0,0,-2,-1,-3,-1,-2,-3,-1,-1
405,423,L,-3,-3,1,-1,-4,-3,-2,0,-3,0,4,-1,1,1,-4,-3,-1,-3,0,0
406,424,L,-1,-4,-3,-5,-3,-4,-4,-5,-2,3,4,-2,2,1,-2,-3,-2,1,0,2
407,425,S,-1,0,2,2,-3,1,1,-1,1,-2,-1,1,-3,-1,2,1,1,-4,-3,-3
408,426,P,1,-1,1,2,-1,0,1,0,0,-1,-1,-1,-2,-1,1,1,0,-3,-1,-2
409,427,D,-1,-1,3,2,-4,1,3,-2,-1,-2,-3,0,-3,-4,-1,2,1,-4,-4,-1
410,428,F,-1,-1,-1,0,-3,0,1,-1,2,0,-1,-1,0,2,0,-1,0,2,2,0
411,429,Q,0,0,1,1,-3,1,0,0,0,-1,-1,0,0,0,0,0,0,2,-1,0
412,430,E,-1,-1,2,2,-4,1,2,-1,0,-1,-1,-1,0,-1,0,0,1,-4,-1,-2
413,431,D,-1,0,0,3,1,0,0,0,1,-1,-2,0,-3,-1,0,1,0,-4,0,-1
414,432,N,-1,0,1,1,0,0,0,-1,1,0,-1,0,0,0,1,0,0,-2,1,-1
415,433,E,0,0,0,1,-4,1,4,-1,0,-2,-2,1,0,-4,0,0,-1,-4,-1,-2
416,434,T,1,-1,0,0,-3,0,0,-1,0,-1,0,0,0,0,0,1,1,-3,-1,0
417,435,E,-1,1,1,3,-4,2,1,-1,0,-2,-2,0,0,-2,0,0,-1,-4,-1,-2
418,436,I,-1,-4,-1,-1,1,-1,-4,-2,-4,4,2,-4,4,0,-4,-2,0,-4,0,0
419,437,N,0,1,5,0,-4,0,1,-2,0,-1,-2,0,0,-1,-1,-1,0,-4,-1,0
420,438,F,-1,1,-1,-1,-3,0,1,-2,2,0,0,1,-2,3,-3,0,-1,-2,3,-2
421,439,L,-2,-2,-1,-4,-4,0,-4,-3,-4,0,5,-1,0,-1,-4,-4,-2,-4,-1,-1
422,440,L,-1,-2,-4,-4,-4,-3,-2,-4,-1,0,3,-1,6,3,-4,-3,-2,-3,3,-2
423,441,K,0,3,0,-2,-4,1,-1,-2,0,-1,-1,3,1,-2,-3,-1,0,-1,1,-2
424,442,Q,0,2,-2,-3,-3,3,1,-2,1,1,0,-1,3,-1,-3,-1,1,-3,-1,0
425,443,A,5,0,-1,-1,1,2,-3,0,1,-4,-3,1,-4,-5,-4,0,-3,-5,-4,-2
426,444,L,-2,-1,-1,-4,-4,1,-2,-5,-4,0,5,-1,2,0,-5,-4,-1,-4,-3,0
427,445,T,-2,1,0,3,-4,0,2,0,3,-2,-2,1,0,0,-1,0,0,-4,-1,-2
428,446,I,0,0,0,0,-2,1,0,0,1,0,-1,0,1,0,1,0,0,-2,1,0
429,447,V,-1,-4,-1,-4,-3,-3,-4,-4,-4,3,3,-4,0,1,-4,-3,0,-3,-2,3
430,448,G,2,-1,-2,-3,0,-3,-3,0,-3,1,0,-2,-2,-1,4,-1,0,-4,-3,2
431,449,T,-1,2,-1,-3,-3,0,-2,-2,-2,-1,-1,0,-2,5,0,0,0,-2,0,-1
432,450,L,-1,-4,-4,-4,-3,-3,-4,-3,-4,3,3,-3,3,0,-2,-1,-1,4,-2,1
433,451,P,0,2,0,-3,-4,-3,-3,-3,-4,-2,-4,-3,-1,-2,7,-2,-3,-5,-2,-2
434,452,F,-3,-1,-2,-4,-4,-2,-2,-2,0,0,-1,-2,0,6,-4,-1,-1,6,3,-1
435,453,T,2,-3,-1,-1,1,-2,-2,1,1,-2,-3,-2,-1,0,-3,2,1,1,3,-1
436,454,Y,-1,-2,-2,-4,-3,-1,-2,-3,-2,2,3,-2,1,3,-4,-2,-3,-2,5,-1
437,455,M,1,-3,-3,-3,2,-1,-3,-3,-2,1,1,-2,2,0,-1,-1,1,-3,-2,3
438,456,L,0,-2,0,-3,-2,1,-2,-3,2,1,1,-2,4,1,-3,0,0,-2,1,0
439,457,E,-2,0,-1,4,-3,1,1,-2,-2,0,0,-1,-2,-2,0,0,0,-3,0,0
440,458,K,-1,1,1,0,-3,1,1,-2,2,-1,0,3,0,-1,-2,-1,0,-3,-2,0
441,459,W,-3,-4,-4,-5,-4,-4,-4,-4,-3,0,0,-4,-2,5,-4,-1,-3,9,3,0
442,460,R,-2,5,-2,-2,-4,0,3,-3,1,-2,-1,-1,3,-3,-3,-2,0,3,-2,0
443,461,W,-4,0,-2,-5,-5,0,-4,-5,1,-2,-1,0,-1,-1,-5,-2,-3,10,2,-1
444,462,M,0,2,1,3,-4,1,2,0,0,-4,-3,1,-1,-4,-3,0,-2,-1,-2,-3
445,463,V,0,-4,-4,-4,-3,-2,-3,-4,-1,2,2,-4,2,-1,-4,-3,-2,2,-1,5
446,464,F,-4,-5,-5,-5,-1,-5,-5,-5,-4,0,1,-2,2,7,-5,-3,-4,-2,4,-3
447,465,K,0,2,2,2,-3,1,2,-3,-1,-4,-3,0,-1,-4,-3,3,0,-4,-3,-3
448,466,G,-2,-1,3,1,-4,-3,-1,5,-2,-5,-5,-1,-4,-5,-2,-1,-2,-4,-3,-5
449,467,E,-1,0,2,2,-3,0,2,0,1,-2,-2,2,-1,-2,-2,1,1,-2,-2,-1
450,468,I,-1,-2,-3,-3,-1,-2,-3,-4,-3,4,1,-3,0,1,-2,-1,2,-3,1,2
451,469,P,-1,-1,1,2,-4,-1,-1,-1,-2,-2,-2,0,-2,-4,5,1,2,-2,0,-3
452,470,K,-1,1,0,1,-4,-1,1,-2,0,-2,-2,2,0,-2,4,-1,-1,-4,0,-1
453,471,D,-1,-1,1,3,-4,2,3,-1,2,-2,-3,1,-1,-4,-2,1,0,-4,-3,-2
454,472,Q,-2,0,3,4,-4,2,2,-2,0,-2,-4,2,-2,-3,-2,0,0,-4,-3,-2
455,473,W,-1,-3,-3,-1,-3,-3,-3,-2,0,0,1,-3,2,3,-2,-1,-2,5,5,-1
456,474,M,-1,-2,6,-1,-4,0,-1,-3,-2,0,-1,-1,2,-1,-2,-1,1,-4,-3,-1
457,475,K,1,1,1,1,3,1,1,-1,-2,-3,-3,2,-2,-2,-2,0,0,-3,-1,-2
458,476,K,1,1,-1,1,-2,0,0,-1,2,0,0,1,0,-1,0,0,-1,-2,2,-1
459,477,W,-5,-5,-6,-6,-5,-5,-5,-5,-4,-4,0,-5,-4,2,-6,-5,-1,11,3,-5
460,478,W,-4,-1,-4,0,-4,-1,-1,-4,1,-4,-2,-4,-3,0,-1,-2,-2,11,1,-2
461,479,E,0,1,2,3,-3,1,1,-1,1,-2,-2,1,-2,0,-2,0,-1,-3,0,-2
462,480,M,-1,1,1,-2,-2,-1,0,-2,2,0,0,0,2,1,-2,0,0,-2,2,0
463,481,K,-1,4,0,0,-3,0,-1,-3,1,-1,-1,1,1,-2,-3,-1,1,-3,1,0
464,482,R,-1,1,0,0,1,0,2,-1,1,-1,0,0,0,-1,-3,1,0,-3,0,-1
465,483,E,-1,1,0,1,-4,1,2,-3,1,-1,-2,3,-3,0,-3,0,0,-4,0,-3
466,484,I,-3,-4,0,-1,1,-1,-1,-4,1,1,1,-3,-2,2,-4,-3,-3,2,7,-1
467,485,V,0,0,-3,-3,-4,6,0,0,-3,-1,-2,-2,3,-4,-3,-1,0,-4,-3,0
468,486,G,-2,-2,-1,-3,-4,-1,-2,6,0,-4,-1,-2,-1,0,-4,-2,-3,-4,0,-4
469,487,V,-1,0,-4,-4,-3,-4,-4,-4,-4,4,2,-4,2,-2,-4,-3,0,-4,0,4
470,488,V,1,0,1,0,3,-1,0,-1,-1,0,0,1,0,-2,-1,0,0,0,0,0
471,489,E,0,0,-2,-3,-4,0,-1,-1,2,-1,-3,-2,-3,-2,5,2,-1,-4,-1,-2
472,490,P,-2,0,-1,-2,-5,-4,-1,-1,-5,-1,-3,-4,-4,-5,7,-1,-4,-6,-5,-1
473,491,V,-1,0,-1,0,-3,-1,2,-1,-1,0,-1,-2,0,0,-1,0,0,-3,-1,2
474,492,P,0,1,1,1,-2,0,1,0,-1,-2,-1,1,-2,-2,3,-1,-1,-4,-2,-1
475,493,H,-1,5,0,0,-4,-1,-1,-2,1,-2,-2,0,-3,-4,-1,-1,0,2,0,-1
476,494,D,-1,0,2,3,-4,-1,1,0,-2,-1,-2,-1,0,-2,0,1,1,-4,-1,-1
477,495,E,-1,1,0,0,-4,0,3,-3,1,-1,-2,0,0,-1,3,0,-1,1,1,-1
478,496,T,-1,-1,1,2,-4,-1,2,0,0,-3,-3,0,-2,-1,2,1,2,-4,-2,-3
479,497,Y,-2,-3,2,4,-4,-1,-2,-3,3,-2,-2,-2,-1,3,-1,0,-1,-3,3,-2
480,498,C,-3,-4,-1,-1,1,-4,-2,-4,-4,0,2,-4,0,6,-4,-1,-3,4,0,-1
481,499,D,0,-1,0,7,-5,-2,1,-1,-3,-4,-4,-3,1,-5,-3,-1,-3,-5,-4,-2
482,500,P,2,-1,-3,2,-3,-2,-2,-2,-3,-1,-2,-1,0,1,4,-1,-2,3,0,-1
483,501,A,1,-2,-2,0,-2,-1,0,2,-1,-1,0,1,-1,-2,1,0,-1,-3,0,0
484,502,S,3,-2,-2,-2,0,0,-1,1,-2,-1,-1,0,1,-1,-1,1,0,-2,0,-1
485,503,L,-1,-1,0,0,-3,0,-1,-2,4,0,0,3,0,1,-2,-1,-1,-2,-1,0
486,504,F,-1,-2,-1,-3,-3,-2,-2,-3,0,0,0,-2,0,4,2,0,-1,-1,5,-2
487,505,H,0,1,1,1,-3,1,1,0,2,-2,-1,-1,-1,1,-2,0,0,-2,1,-2
488,506,V,-4,-5,-6,-6,-5,-5,-1,-6,-5,5,0,-5,2,1,-1,-5,-1,-5,3,3
489,507,S,2,-3,1,-1,-4,-3,0,-1,-4,2,-1,0,-3,-4,3,0,0,-5,-4,1
490,508,N,1,-2,1,0,-1,0,-1,-1,0,1,-1,-2,1,-1,0,1,-1,0,1,0
491,509,D,0,0,0,0,-2,1,0,0,1,0,-1,0,1,0,1,0,0,-2,1,0
492,510,Y,0,-1,-2,-1,-3,-1,0,-3,1,0,-1,0,-2,1,2,0,1,-2,3,1
493,511,S,-1,-1,-1,1,0,1,-1,-2,-3,-4,-3,-1,0,-4,6,0,-1,-5,-4,-1
494,512,F,-1,-3,0,-4,1,-1,-3,-4,2,0,-1,-3,1,2,-4,-1,-3,-1,7,-3
495,513,I,0,-2,0,-3,-2,0,-2,-1,1,3,1,-1,1,1,-3,-1,0,-2,2,1
496,514,R,0,1,1,1,-2,1,1,0,2,0,-2,0,-2,-3,1,0,0,-3,-2,0
497,515,Y,-2,1,1,1,-3,1,1,0,2,-3,-3,1,-2,1,1,0,0,4,2,-3
498,516,Y,-1,0,-3,-4,-3,-1,-3,-3,-1,0,1,-2,-1,5,-3,-3,-2,-1,5,0
499,517,T,-1,-3,-3,-3,0,-2,-3,-1,-3,2,2,-2,1,2,1,-1,0,-2,-1,1
500,518,R,1,3,-1,0,-3,-1,1,3,-2,-3,-3,-1,-3,-3,-2,3,-1,-3,-3,-3
501,519,T,-1,-1,0,-1,0,1,1,-1,2,-1,-1,1,-1,1,0,0,2,-2,2,-1
502,520,L,-1,-3,-3,-3,-2,-3,-3,-3,-3,4,2,-3,1,1,-1,-2,1,-3,-2,3
503,521,Y,-1,-3,-3,-3,0,-2,-3,-2,-2,2,3,-3,2,1,1,-1,-1,-2,1,1
504,522,Q,2,-1,-2,-2,-3,6,0,0,-2,-3,-2,0,-1,-4,1,0,-2,-4,-3,-3
505,523,F,0,-3,-3,0,-1,-2,-3,-3,0,-2,-1,-3,0,6,-4,1,-2,-1,3,-1
506,524,Q,-3,-2,-1,-3,-5,8,0,-4,0,-4,-4,-2,-3,-5,-4,-3,-2,-4,-4,-1
507,525,F,-3,-4,-4,-4,-3,-3,-4,-4,-3,3,3,-4,2,5,-4,-1,-2,1,-1,1
508,526,Q,-1,-1,-1,-3,-4,0,-1,-4,7,-2,0,-3,-2,2,-4,-2,-3,-2,5,-2
509,527,E,-1,2,0,1,-4,1,4,-3,2,-3,-2,2,0,-1,-2,-1,-2,-3,-2,-3
510,528,A,2,-1,-1,-1,-2,0,-1,-1,3,-2,-1,-1,0,-1,-2,1,0,-2,3,-1
511,529,L,-1,-3,0,-4,-3,-3,-3,-4,-3,3,3,-3,3,2,-3,-3,-2,-2,1,1
512,530,C,0,0,-1,-3,8,-3,-1,-3,-3,0,0,0,2,-3,-3,-2,0,-4,-3,-1
513,531,Q,-1,1,1,2,-3,1,2,-1,1,-1,-1,1,-1,-2,0,0,0,-3,0,-1
514,532,A,2,0,1,0,-3,2,2,0,0,-1,-1,1,-1,-2,0,1,0,-3,-3,-2
515,533,A,3,-2,-1,-3,0,-2,-3,-1,-1,2,0,-1,-1,-1,-3,1,2,2,0,0
516,534,K,-2,-1,0,-1,-3,1,0,4,-2,-2,0,0,-1,-1,-2,0,-1,1,0,-2
517,535,H,-2,0,0,-2,-3,2,1,-3,5,-2,-2,1,-1,0,-1,0,-1,2,3,0
518,536,E,-1,2,1,1,-3,1,1,0,-1,-2,-1,0,-1,-1,-1,0,1,-2,2,-2
519,537,G,-1,0,0,1,-3,-1,0,3,0,-2,-2,1,1,-2,-3,0,-1,-3,2,-2
520,538,P,-1,-2,1,1,1,1,0,-2,-1,-2,-1,-1,-2,-2,5,0,1,-3,-3,-2
521,539,L,-2,-3,-2,-1,-2,-2,-1,-3,-1,2,4,-3,1,1,-1,-2,-2,2,0,1
522,540,H,-1,1,1,0,-3,0,0,0,7,-2,-1,-2,-2,-1,-2,-1,-2,-3,2,-1
523,541,K,-1,1,2,2,-3,2,2,-1,-1,-3,-2,2,-2,-1,-2,0,0,-3,-2,-3
524,542,C,-1,-3,-3,0,9,-2,0,-3,-3,-2,-2,-1,-3,-2,-1,-1,-2,-4,-3,-1
525,543,D,-2,-2,3,5,-4,-2,1,0,0,-4,-2,-2,-1,-4,-1,1,-1,-4,0,-2
526,544,I,-2,-2,-3,-4,2,-2,-4,-4,-3,5,2,-4,-1,4,-4,-2,-3,1,2,0
527,545,S,-2,-1,2,0,0,0,-1,-2,1,0,-2,-2,-2,2,-3,-1,1,-2,6,-1
528,546,N,-1,1,2,1,-3,0,0,2,1,-1,-1,1,-2,-1,-3,-1,0,-3,-1,-2
529,547,S,-1,0,3,0,0,1,0,-2,0,-2,-3,0,-1,-4,-3,4,0,-4,-2,-1
530,548,T,-1,1,-1,-1,-3,0,1,-1,-1,-2,-2,4,-2,-1,2,1,0,-3,0,-2
531,549,E,1,1,-1,1,0,2,3,-2,-1,-2,-1,1,-2,-3,-1,-1,0,-3,-3,0
532,550,A,3,-1,1,-3,-2,-2,-2,-2,2,0,0,-2,0,0,-1,0,0,-3,-2,1
533,551,G,-1,-3,0,-1,-4,1,-3,6,-3,0,-4,-3,-1,-4,-3,0,0,-4,-4,-4
534,552,Q,-1,1,2,2,-3,2,2,-1,1,-3,-2,1,-1,-1,-2,0,-1,0,-2,-3
535,553,K,0,0,0,0,-3,-1,0,-1,1,0,1,2,1,2,-3,-1,-1,2,0,-1
536,554,L,-3,0,-4,-4,-3,-3,-1,-5,-3,1,4,-3,3,3,-4,-3,0,-3,1,1
537,555,F,0,0,0,0,-3,1,0,0,2,0,-1,0,1,1,-3,0,0,3,1,0
538,556,N,0,1,2,1,-3,1,1,-1,1,-1,-2,1,0,-3,-3,1,1,-4,0,-3
539,557,M,0,0,-4,-4,-3,-3,-4,-2,2,1,1,-3,7,1,-2,-3,-1,-3,-2,1
540,558,L,-4,-4,-5,-6,-4,-4,-5,-6,2,2,4,-5,6,2,-5,-4,-3,-4,-2,1
541,559,R,0,1,-1,-2,-4,3,1,-1,1,-3,-2,2,1,0,-3,2,0,-4,-2,-1
542,560,L,0,0,-1,1,-3,1,0,-3,2,-1,2,0,3,-2,1,-1,-1,-3,0,-1
543,561,G,0,1,1,-3,-4,-3,-4,6,-4,-5,-5,-3,-4,-5,-4,0,-3,-5,-5,-5
544,562,K,1,0,2,-2,-3,0,-1,0,1,-3,-2,1,-1,-1,1,2,0,-3,0,-3
545,563,S,1,0,-2,-3,-3,-1,-1,-2,-3,-4,-2,-1,-3,-4,0,5,2,-5,-2,-2
546,564,E,-1,2,-2,-1,-3,1,1,-1,-1,0,-1,3,1,-2,-3,0,0,0,1,-1
547,565,P,-3,-1,2,2,-5,-1,2,-2,2,-5,-4,-1,-4,-5,6,-1,-1,-5,-1,-3
548,566,W,-3,-7,-7,-3,-7,-6,-2,-7,-6,-6,-2,-7,-5,0,-8,-3,-6,12,0,-7
549,567,T,-1,2,1,-1,-4,1,0,-3,-1,-3,-2,2,0,-3,4,0,1,-4,-1,-1
550,568,L,-2,-1,-1,3,-5,1,5,-4,-1,-3,-3,0,-3,1,-3,-2,1,-4,-1,-2
551,569,A,3,-3,-2,-4,-3,-2,-2,-3,-4,1,2,-2,2,-1,-2,-2,0,0,-3,2
552,570,L,-3,-1,-5,-5,-3,-4,-5,-5,-4,4,4,-4,4,0,-5,-4,-2,-4,-1,1
553,571,E,-1,1,0,-1,-4,3,3,-3,1,-2,-3,4,-3,-2,-3,0,-1,-4,-1,-2
554,572,N,0,1,1,0,-3,1,2,-2,0,0,0,1,1,-2,-2,-1,1,-3,-2,-1
555,573,V,0,-3,-1,-3,-3,-2,-3,-2,-2,2,2,-3,2,1,-4,0,0,-1,0,1
556,574,V,-2,-4,-2,-4,-4,-4,-4,-4,-4,0,1,-1,1,-1,-4,-1,6,-4,0,1
557,575,G,-2,0,2,-3,-1,-1,-1,6,0,-6,-6,-1,-5,-6,-5,0,-3,-6,-5,-6
558,576,A,-1,-2,0,0,-3,2,3,-2,0,1,0,0,0,-3,-3,1,1,-4,-2,-1
559,577,K,-1,3,0,3,-2,-1,1,-1,-1,-4,-4,2,-3,-2,0,1,1,-4,1,-3
560,578,N,-1,2,2,1,-4,1,3,-2,1,-3,-3,3,-3,-3,-3,0,0,-4,-3,-3
561,579,M,0,-2,1,-2,-2,-2,-2,-3,-2,1,1,-2,2,2,2,-1,-1,-1,2,1
562,580,N,0,0,2,3,1,-1,1,-2,-2,-3,-3,0,-3,-4,-3,3,0,-4,-3,-2
563,581,V,3,-3,-2,-3,-2,-2,-2,0,-3,0,0,-2,0,-2,1,1,1,-3,0,1
564,582,R,0,0,0,2,-3,1,2,1,0,-3,-1,1,-2,-2,-2,1,1,-3,-2,-2
565,583,P,3,-3,-2,-3,-3,-2,-2,1,0,-4,-4,-2,-3,-4,5,2,-2,-4,-1,-2
566,584,L,-3,-4,-5,-5,-3,-3,-4,-5,-4,3,4,-4,4,1,-4,-4,-1,1,-2,0
567,585,L,-2,0,-2,-4,-3,-2,-3,-4,-3,2,4,0,3,-1,-4,-2,0,-3,-1,1
568,586,N,0,1,1,2,-4,0,4,-3,-1,-3,-3,1,-3,0,-2,0,1,-4,-2,-3
569,587,Y,-4,-4,-2,-5,-5,-4,-4,-5,3,-4,-3,-4,-3,4,-5,-4,-4,0,9,-4
570,588,F,-4,-5,-5,-6,-4,-5,-5,-5,-3,0,-1,-5,0,8,-6,-4,-4,-1,4,0
571,589,E,0,2,-1,0,-4,3,2,0,0,-2,-2,3,-1,-4,-2,0,-2,-4,-3,-3
572,590,P,0,-4,-4,-4,-5,-3,-1,-4,-4,-3,-2,-2,-4,-5,8,-2,-3,-6,-5,-4
573,591,L,-3,-4,-5,-5,-3,-4,-4,-5,-4,1,5,-4,1,0,-4,-3,0,-3,-3,1
574,592,F,-1,0,-1,0,-3,0,2,-3,2,0,0,0,1,0,-3,1,1,-2,2,-1
575,593,T,-1,0,1,3,-3,2,3,-2,-1,-2,-2,1,-2,-2,-2,0,1,-4,-2,-1
576,594,W,-5,-5,-6,-7,-5,-5,-6,-6,-1,-3,-2,-3,-4,2,-6,-5,-5,11,5,-5
577,595,L,-3,-4,-5,-6,-3,-4,-5,-6,-4,2,5,-4,1,0,-3,-4,-3,-3,0,-1
578,596,K,-1,1,0,2,-4,2,3,-2,-1,-2,-2,3,-1,-3,-3,-1,0,-4,-3,0
579,597,D,0,2,2,1,-4,2,3,-2,0,-3,-3,3,-2,-4,-3,-1,0,-4,-3,-2
580,598,Q,-1,0,-1,0,-5,5,4,-4,0,-4,-3,1,1,-2,-3,-2,0,-4,-1,-3
581,599,N,-4,1,7,1,-5,-1,-1,-3,-2,-3,-3,-2,-4,-5,-4,-2,-1,-6,-4,-4
582,600,K,-1,1,2,1,-4,2,1,-1,2,-3,-3,3,-2,-1,-3,-1,0,-3,2,-3
583,601,N,-2,1,4,2,-4,0,1,4,0,-5,-5,0,-2,-5,-3,-1,-2,-5,-4,-4
584,602,S,-1,0,1,2,-4,0,4,-3,-1,1,-1,-1,-1,-3,-1,0,-1,-3,0,0
585,603,F,-1,-1,-1,-1,-1,-1,-1,-2,2,-1,-1,1,0,1,2,0,2,-2,2,0
586,604,V,-1,-4,-4,-4,3,-4,-4,-4,-4,4,2,-4,-1,-1,-2,-3,-1,-4,-2,4
587,605,G,-2,-3,-3,-4,-5,-4,-4,7,-4,-6,-6,-4,-5,-5,-5,-2,-1,-5,-5,-5
588,606,W,-6,-6,-7,-5,-6,-5,-4,-6,-5,-4,-3,-6,-5,-1,-7,-6,-6,12,0,-4
589,607,S,-1,-2,2,3,-4,-1,2,-1,-2,-2,-4,-1,-3,-4,3,1,1,-4,-3,-3
590,608,T,-1,-1,0,1,0,-1,2,0,-2,-1,-2,-1,0,-2,2,1,2,-3,1,0
591,609,D,-1,-2,2,3,-4,1,2,1,-1,-4,-3,-1,-1,-3,-1,2,-1,-4,-3,-3
592,610,W,-2,-2,-4,-4,3,-1,-2,1,-3,-4,-4,-2,-3,1,-2,-3,-1,10,2,-4
593,611,S,-1,0,0,2,-3,0,1,0,0,-2,-2,1,0,-3,3,0,2,-4,-3,-1
594,612,P,-2,-3,0,2,-5,0,0,-4,-3,-3,-3,0,-4,-5,7,-1,-3,-5,-5,-3
595,613,Y,-1,-2,-2,-3,1,-3,-3,-4,0,-1,0,-3,-1,4,2,0,0,-1,5,0
596,614,A,2,-2,0,0,4,-1,1,-2,-2,-1,-1,0,-2,-2,0,0,1,-3,0,0
597,615,D,0,-1,-1,3,-3,-1,1,-2,-2,-2,-1,0,-2,-4,4,1,1,-4,-3,0
598,616,H,-1,-2,3,1,-3,2,2,-3,5,-3,-3,-1,-2,0,1,1,0,-3,1,-3
599,617,H,0,-2,1,-1,2,-1,3,-2,1,-3,-2,-1,-2,3,-2,2,-1,-2,1,-2
600,618,H,-2,1,-1,-2,-3,2,0,-3,6,-3,-3,2,-2,1,-3,-1,0,-2,3,-3
601,619,H,-2,-1,-1,-2,-3,-1,-1,-3,7,-3,-3,-2,-2,0,-3,-2,-2,8,3,-3
602,620,H,-2,-1,-1,-2,-3,0,-1,-3,6,-2,-2,-1,-1,2,-3,-1,-2,1,6,-2
